X [px],Y [px],Diameter [m],Major [m],Minor [m], Timestep [-]
511.09375,1028.234375,0.003071187163976683,0.001753335820657298,0.0011778735076399334,0
277.296875,206.578125,0.003676915238890216,0.002038683153410554,0.0014950695635989652,0
574.953125,149.359375,0.003438454033386283,0.0019056527752977456,0.001399304202094741,0
1161.15625,475.171875,0.0038955913313363437,0.0022412820549854943,0.0014710829344397956,0
621.421875,127.1875,0.0039285048574396846,0.0022744345451122575,0.0014650249144639144,0
1230.859375,238.484375,0.004092008262273566,0.0022597237109876953,0.0016772926101309813,0
742.453125,521.859375,0.0030504646219046885,0.0016715385876491158,0.0012699165326902394,0
253.984375,929.84375,0.004277794683364938,0.002428248442808108,0.0016595241787934277,0
854.96875,947.1875,0.002974909908192397,0.0016715385876491158,0.0011778735076399334,0
601.421875,502.59375,0.0034081574032259637,0.0018880707746268413,0.0013881372410536358,0
729.75,187.828125,0.0033801014934002577,0.0019145767809100789,0.0013169026159895044,0
975.328125,378.609375,0.0033001790831695917,0.0020255537514467493,0.0010950526243062478,0
1225.21875,475.53125,0.002392207395275025,0.0013741857589132556,0.0009061823767873661,0
945.75,728.921875,0.005216360462215624,0.003103252849833542,0.0018423768615568315,0
1467.25,1005.65625,0.00411877626361828,0.0023456581166060838,0.0015873956658627995,0
630.609375,75.0625,0.003831251601654623,0.0023128856975648407,0.001314085708772453,0
81.125,1109.34375,0.0031321068354665947,0.0017170309403152875,0.0013027571723080247,0
64.09375,173.296875,0.004150894877975518,0.002531942189308437,0.0013945293112731622,0
828.546875,33.5,0.0031438058161196917,0.0019668941252644996,0.0010039571704012079,0
1399.765625,128.0625,0.003279388955005053,0.0018423768615568315,0.001298768840094341,0
662.65625,1010.296875,0.0013493168532340218,0.002374860259046835,5.444722215136417e-05,0
1326.703125,747.5,0.0034829064574044026,0.0019456789303479648,0.0013950606617634947,0
855.9375,397.109375,0.0028896592151336823,0.0015859944041515404,0.0011990756856846026,0
1006.671875,725.078125,0.00346021465500128,0.0022052805377094317,0.0010648573848173284,0
1032.015625,464.0,0.0037916904526620445,0.0021522154283435476,0.0014710829344397956,0
744.1875,623.28125,0.004385048198448285,0.0030580247301158305,0.0011270706499594424,0
991.859375,1012.078125,0.0030602248291501065,0.001928461887100702,0.000963269692246154,0
186.59375,134.90625,0.003598132083965091,0.002110488391344525,0.0013073003671689228,0
1480.359375,206.015625,0.0027618885615745604,0.0014014211536864999,0.001340883757079636,0
845.625,241.265625,0.002717813783715869,0.0017239232146473344,0.0008443709196792604,0
1405.9375,373.796875,0.00481155626278287,0.0028692187961185532,0.0016913729630096373,0
1290.859375,128.328125,0.003363344490719997,0.002083984764819551,0.0010950526243062478,0
1349.015625,399.640625,0.0013938152112215677,0.0024933023282385954,5.444722215136417e-05,0
879.046875,738.734375,0.0034616728886453763,0.002026285394508878,0.0012628938989479679,0
688.984375,631.703125,0.004159010831112187,0.0022737827512759436,0.0017393309777037837,0
1222.234375,80.109375,0.004522179533352083,0.0026985726319667586,0.0015873956658627995,0
1058.171875,669.359375,0.0035606009224893533,0.002121695842952048,0.0012534691858996775,0
97.484375,371.828125,0.004009543780443247,0.0025131389237366087,0.0012757391974851286,0
819.65625,682.5625,0.003531913824610929,0.0022426043453984477,0.0010950526243062478,0
1143.265625,95.0625,0.003085965164994005,0.0017814312363939283,0.001157563821134714,0
461.40625,179.078125,0.004226225346538837,0.002505163966689606,0.001503473062612031,0
537.765625,934.546875,0.0027351812987321407,0.001612410152535638,0.0009838237901169092,0
1427.953125,1072.46875,0.0030913077566757053,0.0017930421774180329,0.001148565409543575,0
1089.0,691.953125,0.003584042148085037,0.002436475169173698,0.0009694052300250912,0
1234.140625,286.203125,0.003090842308871961,0.0018160413679208964,0.0011191520227386447,0
206.25,198.5625,0.0021470003146673434,0.0012699165326902394,0.0007671070655390942,0
1233.578125,711.25,0.004144190380107209,0.0027032374109574615,0.001217476899164826,0
753.265625,286.140625,0.003293596461149475,0.002197537371695872,0.0009248017355087522,0
543.609375,725.015625,0.004415300913873361,0.0027604795326174763,0.0014119583032087032,0
83.375,1125.28125,0.0016646457935846756,0.001117163595898112,0.000462,0
503.21875,530.78125,0.0035471763455813847,0.0020878930168952625,0.001279799300671789,0
588.59375,66.65625,0.003387259147585747,0.0018802037788495161,0.0013741857589132556,0
997.890625,873.84375,0.004390986457409742,0.0026276073717357395,0.0015327642512793674,0
232.28125,681.53125,0.004234658970820927,0.0025520592665531886,0.0014574169787675729,0
776.828125,1048.71875,0.004199430132115046,0.0027901213235269895,0.0011891452812839987,0
417.296875,1077.046875,0.0030436957500050055,0.0018675476566877751,0.001010579165627315,0
1173.796875,382.71875,0.004691763422560165,0.00296849730503499,0.0014650249144639144,0
700.265625,528.75,0.002892581231889202,0.0016626473618900671,0.0010943756210734959,0
968.890625,574.40625,0.005011382447531907,0.0031051628379200986,0.001631600747732116,0
461.296875,378.46875,0.007759264821710223,0.005178071093563702,0.0021778888860545663,0
537.125,81.875,0.0037920811806971527,0.0023897927211371283,0.0011935000000000001,0
879.28125,498.84375,0.0038215904709328224,0.0022066244016596933,0.0014328001430764866,0
668.0,373.59375,0.004917221660068727,0.0032815463199534455,0.001380105521327989,0
58.71875,222.703125,0.0035095427893017273,0.002235985073742667,0.0010807465012666014,0
498.71875,33.375,0.003973441223082293,0.0025131389237366087,0.0012415876932379765,0
427.875,649.015625,0.003362147149495322,0.0021262319958085477,0.001050845492924626,0
90.625,853.546875,0.003395409981050601,0.0020878930168952625,0.0011224582397577204,0
1424.046875,210.609375,0.002836125971368099,0.0015254941822242392,0.0012253649456386454,0
532.5,123.53125,0.0033549346066335944,0.0022066244016596933,0.0009694052300250912,0
261.53125,464.0,0.0038987871581462265,0.0022561131398934763,0.0014553814792005566,0
719.453125,260.734375,0.0033635675972746547,0.0020946264583452585,0.0010841698437053116,0
1289.390625,791.796875,0.008193780142789094,0.005047172327155077,0.002699396414015548,0
375.796875,219.140625,0.004730676517287173,0.003103252849833542,0.0013741857589132556,0
755.75,812.578125,0.0027235707568389537,0.0018144082368640197,0.0007671070655390942,0
555.71875,1034.734375,0.004975409202306378,0.0029884036290300548,0.0017239232146473344,0
287.65625,139.390625,0.004092977643200177,0.0026318347687497405,0.001237402218359091,0
1155.96875,663.109375,0.006373064272107576,0.0039035278915360654,0.002123441663903202,0
401.046875,923.9375,0.004340029048938622,0.0028136626041513936,0.0012907552052964964,0
562.28125,348.59375,0.0037050599820724565,0.002335842942066097,0.0011652214381824599,0
322.71875,334.375,0.006411419740933864,0.0038978279207784435,0.0021683396874106232,0
1324.859375,52.78125,0.0050210313053863686,0.0029834394999731437,0.0017776830426147402,0
819.78125,625.59375,0.00220196774383794,0.0014497691195497304,0.0006349582663451197,0
802.21875,452.5,0.0028182047033246307,0.0016188322952054052,0.0010676376960373777,0
333.640625,446.109375,0.007125786953377163,0.004106706770637514,0.002681767514159272,0
833.796875,554.703125,0.0033640457405148894,0.001857998990850103,0.0013784935618275482,0
1209.1875,603.234375,0.007682512421490678,0.004273673419904708,0.003103252849833542,0
741.25,715.15625,0.003075262410976427,0.002101690985849252,0.00082303599556763,0
483.34375,250.078125,0.0029420349185237094,0.0019346010570657714,0.0008504927983234191,0
950.453125,606.5,0.002982403858868943,0.001969529956614014,0.000854838727480219,0
624.421875,979.515625,0.0027947808029895023,0.0015600815683803205,0.0011211369229491997,0
599.921875,902.78125,0.002408532981582965,0.0015462435933577866,0.0007304861394988956,0
917.671875,953.375,0.004287222572308921,0.0027378345914243984,0.001314085708772453,0
970.796875,900.515625,0.0036218873419439288,0.0022170117275287474,0.0012083113216385915,0
66.1875,451.640625,0.004269498102527655,0.002836747301047452,0.0012089245220442838,0
1091.546875,593.09375,0.0026566896860947802,0.0016082680902138175,0.0009061823767873661,0
951.75,970.125,0.0036820584796376,0.0023863789514660073,0.0010957292092483434,0
520.296875,617.796875,0.0035483878970285,0.0020255537514467493,0.001361180553784104,0
661.859375,1122.921875,0.0034470910765264555,0.0022541412999188847,0.001007641429279285,0
289.546875,580.65625,0.007569677427755646,0.004762186997588398,0.002390722903224044,0
283.859375,1077.78125,0.004637718493516996,0.0032156144047444496,0.0012058554017791686,0
899.890625,76.5,0.0031005395147193473,0.001766390741030987,0.0011941208062838534,0
829.171875,492.125,0.0030058081254311546,0.0018435832636471835,0.0009987763763726091,0
994.609375,178.421875,0.002899649278531148,0.0017461352324490793,0.000999518133902532,0
470.5,776.625,0.004122468062969308,0.002746753083187493,0.0011607606342394629,0
816.96875,784.640625,0.0032736198824553937,0.0022160086303983566,0.0008930008398652265,0
709.1875,844.375,0.003619738405059963,0.0022802923058239705,0.0011401461529119852,0
1319.84375,351.59375,0.004833245286554368,0.0034176205172605106,0.0012083113216385915,0
175.875,272.578125,0.007870699583909943,0.004894953651465967,0.002543623645510475,0
764.03125,388.015625,0.0032919107220582187,0.002195850461666277,0.0009248017355087522,0
186.765625,911.484375,0.004266156066353419,0.0028916037505163114,0.0011607606342394629,0
205.796875,514.53125,0.0069315086502581575,0.003918876401470197,0.002710629677768618,0
265.8125,40.859375,0.007672598741762146,0.00447014678170639,0.002825490842313951,0
331.03125,86.5,0.004765501984500696,0.003152536478773878,0.001361180553784104,0
388.984375,1030.609375,0.002796630061434151,0.0017776830426147402,0.0008651798945884029,0
822.203125,258.859375,0.0027476168113161024,0.001631600747732116,0.0009739815193318609,0
1211.90625,854.46875,0.006361984295608949,0.003931715306326235,0.002082205861580454,0
81.296875,943.265625,0.0041349107809499465,0.0021901052486124955,0.0018423768615568315,0
264.0,610.625,0.002972539942908241,0.0017747623080288809,0.001042347950542428,0
996.9375,108.265625,0.0032891780172954604,0.0022951942183614877,0.0008443709196792604,0
490.9375,1012.484375,0.002135911391719253,0.0011778735076399334,0.0008779350773263362,0
1443.625,779.0,0.003536314455618262,0.002436475169173698,0.0009311907699284824,0
383.484375,554.109375,0.0068280229958395874,0.004077366306821108,0.002393511280524911,0
142.140625,341.171875,0.006344649287429362,0.00398414548554643,0.0020112335145377825,0
181.234375,452.546875,0.0035578673748605603,0.0024184620112790694,0.0009625,0
249.46875,1015.5,0.0037414585404579735,0.0026239381185538656,0.0009508798557125921,0
1308.0,1006.859375,0.007370985890239035,0.004543,0.0024255,0
1331.5,532.40625,0.004089178647060267,0.002628171417544906,0.001237402218359091,0
643.640625,164.171875,0.002821895931912669,0.0017776830426147402,0.0008888415213073701,0
348.109375,380.953125,0.006117520182668521,0.003434061880630575,0.0024267219144351914,0
999.625,311.28125,0.004243386730888029,0.0028107636862603727,0.0012089245220442838,0
119.75,750.375,0.004023329391282235,0.0023269420383842825,0.001503473062612031,0
124.09375,65.1875,0.0029369847513108366,0.0020582202263120437,0.0007475347817994826,0
751.78125,824.890625,0.0026779366509727914,0.0014756101280487338,0.0011024722218722792,0
820.171875,895.875,0.003090697829161716,0.0021352753920747553,0.0008094161476027026,0
1371.75,1118.515625,0.00766982817118212,0.005467135561699563,0.0018868928162457982,0
358.703125,684.546875,0.0071125753145201975,0.004554405175212236,0.0021683396874106232,0
619.5625,168.453125,0.0020766023554625677,0.0012439730704480703,0.0007233493277801536,0
1075.234375,305.109375,0.005337613781899253,0.003532781482061974,0.0015230631142536411,0
553.53125,771.671875,0.0053408677900407524,0.0033934643434107275,0.0016537083328084187,0
868.46875,474.390625,0.003710852860603354,0.00248227984925149,0.001036644225373392,0
1368.015625,152.96875,0.004771145256526281,0.003214231245570238,0.001314085708772453,0
668.984375,916.640625,0.003549407493120729,0.0023835822305932723,0.0009838237901169092,0
252.90625,411.6875,0.0069467603420608265,0.004785938701028253,0.0018294590730595752,0
485.8125,963.6875,0.004818371799240548,0.002900049396131038,0.0016626473618900671,0
1320.375,689.328125,0.0066847493615677525,0.004506309465627056,0.001838752906183971,0
411.453125,981.953125,0.0036680399097204818,0.0024352581485337444,0.0010402127186301849,0
764.015625,1072.5625,0.003791692561722693,0.002428248442808108,0.0011556414885248798,0
339.265625,3.390625,0.003138276952447264,0.0019638774147079548,0.001001740111006842,0
1021.015625,144.609375,0.005473962990211493,0.0031336729647491934,0.0020878930168952625,0
1344.09375,556.75,0.003035785941906917,0.0018367365080489907,0.001036644225373392,0
652.671875,751.859375,0.003742714830696668,0.002514318247557377,0.001036644225373392,0
402.765625,477.0625,0.007764232402974116,0.0047995465671248575,0.002539833065380479,0
372.859375,605.984375,0.005450369008791019,0.003384936114611323,0.001766390741030987,0
1141.25,1014.453125,0.00849452424486482,0.0061141103195804375,0.0020495600747477494,0
158.59375,725.015625,0.003844929227160729,0.0027901213235269895,0.0009127017585169867,0
895.375,838.28125,0.004210597594224591,0.0029383849730761965,0.0010807465012666014,0
1168.203125,503.625,0.004671730132794759,0.003160753865773164,0.0012757391974851286,0
1063.8125,473.96875,0.002898334592885287,0.0018802037788495161,0.0008608861713374191,0
359.859375,790.8125,0.005786305303718005,0.0034056726574936704,0.0020878930168952625,0
305.515625,737.3125,0.0046231675926178386,0.003196427576216924,0.0012089245220442838,0
104.390625,929.359375,0.002570497825280149,0.0015634034188270153,0.0008685995912962428,0
777.734375,638.828125,0.004396498794404247,0.002798608404189482,0.0013562714514432572,0
1250.546875,1125.59375,0.002047721267814056,0.0015137894503529875,0.0004683727148329629,0
524.703125,392.515625,0.0034947217820614027,0.002139782757664899,0.0011652214381824599,0
216.140625,335.640625,0.007858942797265277,0.004585380709384991,0.0028857027740223002,0
428.875,431.921875,0.006439997684856837,0.004084811898974052,0.0020008891148686875,0
978.3125,716.90625,0.002293432388679779,0.0014574169787675729,0.0007099049232115524,0
35.765625,137.53125,0.001821784263183797,0.0011709317870824073,0.0005512361109361396,0
730.8125,1.734375,0.003462022325952198,0.002233,0.0010402127186301849,0
3.125,174.890625,0.003563089229802435,0.0022119916930223764,0.0011556414885248798,0
71.578125,141.15625,0.003929890438731231,0.002318006956417517,0.0014119583032087032,1
750.875,803.484375,0.00299394736587251,0.0017153035445658007,0.0011401461529119852,1
650.015625,983.546875,0.0039964963355409175,0.002359833309791181,0.0014328001430764866,1
276.359375,176.984375,0.0038992954853565042,0.0022597237109876953,0.0014513019155227489,1
725.5625,162.796875,0.003251209068889257,0.0018927752772054057,0.0011990756856846026,1
790.203125,1030.453125,0.004141688800697906,0.0023421800208352902,0.0016188322952054052,1
1063.34375,645.53125,0.0035895559093904227,0.0023128856975648407,0.0010807465012666014,1
529.59375,906.796875,0.003342342270304609,0.0019729137081991193,0.0011990756856846026,1
752.109375,1042.484375,0.004503833150944434,0.0026239381185538656,0.0016586307605974272,1
617.140625,129.703125,0.0029049459429488556,0.0017814312363939283,0.000965575087706803,1
1045.78125,447.84375,0.003913619116172637,0.0020963948220695454,0.0017049024165623088,1
983.078125,85.40625,0.0029912134830268485,0.0018045784133697267,0.0010273081329377277,1
855.625,725.46875,0.0011323800503403438,0.001825809478012424,5.444722215136417e-05,1
535.21875,44.203125,0.003720295342592145,0.002398151371369205,0.0011191520227386447,1
1225.53125,202.375,0.004129115320427236,0.002406788939645519,0.0015191653135850623,1
883.265625,484.671875,0.0011769269795254649,0.0019346010570657714,5.444722215136417e-05,1
1242.03125,688.875,0.00432246719682051,0.002748371517826511,0.0013364547317436532,1
1352.265625,372.265625,0.0035595661959639388,0.0021683396874106232,0.0011990756856846026,1
138.25,724.21875,0.0040409307638215155,0.002359833309791181,0.0014811245727486934,1
273.453125,433.796875,0.0036190378896413,0.002063614365621639,0.0013913369469686343,1
1460.1875,977.1875,0.004007053004607424,0.0023421800208352902,0.0014660363228788025,1
1002.875,149.3125,0.0026149303554744625,0.0015704980101865777,0.0009061823767873661,1
186.796875,108.828125,0.003746240813532223,0.0021700479833404607,0.0013955918099501732,1
226.359375,648.90625,0.004241017922329637,0.002394749517172934,0.0016626473618900671,1
90.15625,1091.15625,0.0032370337485882867,0.0018675476566877751,0.0012156493120962146,1
461.96875,742.21875,0.0033901927849703866,0.0020097590029652806,0.0012058554017791686,1
601.71875,473.953125,0.0031946713266697542,0.0019346010570657714,0.0010889444430272832,1
404.59375,890.21875,0.004146593047409889,0.002335842942066097,0.0016334166645409248,1
636.859375,724.6875,0.002907860206952938,0.001548638272806145,0.0012815354072361793,1
1238.828125,243.6875,0.0033234717544459525,0.002121695842952048,0.001019341576705277,1
844.15625,463.859375,0.0038465009155462535,0.002445886546837363,0.0011891452812839987,1
683.09375,342.875,0.004456285588859722,0.0029834394999731437,0.001242780954150811,1
252.796875,379.0,0.005849702315042704,0.0033673747192731612,0.0022066244016596933,1
703.5,815.703125,0.003711645696793722,0.0023897927211371283,0.0011191520227386447,1
1431.140625,1031.078125,0.0035578648157184867,0.0022597237109876953,0.0011024722218722792,1
550.15625,694.53125,0.004594694098985405,0.002941410078516765,0.0014014211536864999,1
956.359375,554.609375,0.005433528760650311,0.003258883436086661,0.0018880707746268413,1
108.296875,825.09375,0.004134754037740885,0.002544788841927754,0.0013644434762935399,1
762.640625,362.09375,0.003580146129790484,0.002379848156920941,0.0010127768757233746,1
286.078125,1036.953125,0.004889360074370107,0.0032961936381226153,0.0013447471881361194,1
845.546875,532.921875,0.0036012987519416016,0.0020953339829249177,0.0013297835350161318,1
623.203125,93.546875,0.004467389090417679,0.0030534165290703463,0.001195361451612022,1
1088.65625,988.453125,0.0032621796240532757,0.0018160413679208964,0.0013157765767788997,1
1175.6875,350.3125,0.004448070912658354,0.0027744052065262564,0.001429174761881835,1
855.71875,928.0,0.0029920592381975164,0.0018302691058967259,0.000999518133902532,1
603.234375,871.796875,0.002698764954685051,0.0017393309777037837,0.0008121583897245661,1
1001.375,844.140625,0.004784923423875338,0.0031336729647491934,0.0013945293112731622,1
848.640625,377.78125,0.003409315456790462,0.002147734154871128,0.001073867077435564,1
1334.453125,726.671875,0.0037126750747893283,0.0019422477313669336,0.0016957490970069835,1
979.25,872.21875,0.003612131635385949,0.0022802923058239705,0.0011329733006562863,1
533.515625,590.25,0.0035668982755260965,0.002222353932207919,0.001148565409543575,1
282.59375,96.640625,0.0036351849752477104,0.0022744345451122575,0.0011607606342394629,1
649.75,124.234375,0.0027447253861652373,0.0018045784133697267,0.0007936978329313997,1
946.75,712.109375,0.0054331565127349124,0.0032961936381226153,0.001845190572813551,1
1411.953125,333.453125,0.004693414390575463,0.0025025,0.002063614365621639,1
562.765625,318.859375,0.003913844093769396,0.002505163966689606,0.0011941208062838534,1
952.640625,943.0625,0.0032757590730379733,0.002038683153410554,0.0010571738267664407,1
682.859375,608.53125,0.004955230830570106,0.002952726621277358,0.0017444366569182156,1
1017.328125,116.96875,0.005096722265484043,0.0032761215255237403,0.0015419237983765606,1
1387.21875,1092.734375,0.008805779654239803,0.0061141103195804375,0.0022832155504901416,1
648.421875,1095.109375,0.0036106452096544006,0.002318006956417517,0.0010950526243062478,1
259.625,888.34375,0.0045191397372385395,0.0025820845261145114,0.0017303597891768058,1
61.0,191.1875,0.0034081049943093956,0.0022160086303983566,0.001007641429279285,1
984.484375,349.484375,0.003564131130783192,0.002234990492149799,0.0011329733006562863,1
993.84375,985.5,0.003321461962543682,0.0020200579818411154,0.0011224582397577204,1
1098.6875,560.6875,0.0027047376689397734,0.0017009855966468382,0.000854838727480219,1
491.296875,207.484375,0.002622840488213944,0.0016243167794491322,0.000854838727480219,1
1441.890625,749.421875,0.003196086977353847,0.0020008891148686875,0.001019341576705277,1
556.046875,738.609375,0.004777669568509446,0.0027744052065262564,0.001771,1
743.234375,685.5,0.003196086977353847,0.0020008891148686875,0.001019341576705277,1
469.109375,145.046875,0.004253643089065305,0.0026919733003876543,0.0013275523530166334,1
1438.296875,188.3125,0.0027592936881459165,0.0014553814792005566,0.0012397956484840556,1
421.8125,1045.328125,0.002884445444337899,0.0018583978314666643,0.0008685995912962428,1
595.609375,28.421875,0.00442032363093665,0.0028422284390949293,0.0013364547317436532,1
747.1875,250.875,0.003341588709363425,0.0021175,0.0010402127186301849,1
723.921875,235.703125,0.002794125876645744,0.001786001679730453,0.000854838727480219,1
1297.015625,86.625,0.003328745334128861,0.002147734154871128,0.000999518133902532,1
823.15625,593.09375,0.0021454052900496713,0.001285000583657455,0.0007475347817994826,1
632.046875,951.75,0.003048394061284287,0.001838752906183971,0.0010473132291726292,1
916.046875,929.296875,0.003928559573761013,0.0025552516999309484,0.0011607606342394629,1
1220.265625,431.796875,0.002358668089834455,0.0013741857589132556,0.0008685995912962428,1
180.890625,875.171875,0.0039835340956188015,0.0023513384486287805,0.001429174761881835,1
404.375,998.125,0.0032491176267122972,0.002123441663903202,0.0009508798557125921,1
479.171875,933.28125,0.004544747731357127,0.002861718233858812,0.0014328001430764866,1
109.0,909.140625,0.0028995340807707612,0.0018144082368640197,0.0009256027765731907,1
1322.765625,493.6875,0.004171308122029199,0.002576049931581296,0.0013671566296514822,1
749.859375,594.0625,0.0037566375984188207,0.0026239381185538656,0.0009625,1
1474.359375,173.234375,0.0034574618263330014,0.0018880707746268413,0.0014492578273033407,1
809.71875,657.734375,0.0037727454698591257,0.0024404262947280335,0.0011270706499594424,1
1276.25,743.859375,0.007294497874589517,0.004557495940755186,0.002335842942066097,1
366.8125,565.890625,0.0061803736355287,0.0035447190650318115,0.0023485,1
812.921875,229.78125,0.003649834860975519,0.0023835822305932723,0.0010697181871876349,1
538.359375,93.3125,0.003519018618654357,0.002355747015279867,0.000981561256366611,1
171.5625,426.515625,0.0034148248168088024,0.002381093498794199,0.0008779350773263362,1
435.609375,603.9375,0.0035656977016082095,0.002381093498794199,0.000999518133902532,1
1331.296875,315.671875,0.00473231401860881,0.0032815463199534455,0.0012301939887676254,1
1147.53125,61.25,0.0032164672365416814,0.0020200579818411154,0.001019341576705277,1
1411.859375,85.53125,0.0037720630895712345,0.0023421800208352902,0.0012229432734186816,1
465.234375,346.140625,0.007588107525355417,0.005336105555552664,0.0019180574808904973,1
1147.765625,620.6875,0.007704576861738045,0.004735656501478966,0.0025491535850160145,1
499.171875,491.578125,0.0030891549715155813,0.001766390741030987,0.0011810153470637034,1
986.265625,291.578125,0.0044302373217851255,0.0029446837690998333,0.0012534691858996775,1
643.875,43.21875,0.004147618148910559,0.0024555636827417043,0.001479121698846988,1
169.703125,235.46875,0.008435850830515281,0.005263669537499481,0.00270844147989208,1
989.40625,697.484375,0.003954950029521822,0.0025202065887541835,0.001217476899164826,1
134.15625,311.21875,0.0064865420322365855,0.004389,0.001771,1
394.921875,513.40625,0.0066284275477167835,0.003975020125735215,0.002303896102258086,1
811.328125,424.234375,0.0027701231664899557,0.0017170309403152875,0.0009012618931254112,1
352.84375,643.71875,0.007499219282053151,0.004557495940755186,0.002538081657472824,1
253.0,968.84375,0.0036768579339749347,0.0024933023282385954,0.000999518133902532,1
405.453125,1114.453125,0.004562039220086216,0.002926253278511619,0.001386,1
309.453125,706.28125,0.0049772755820780565,0.002804164091133042,0.0019600999974491097,1
1092.953125,670.046875,0.0036462752589499327,0.002505163966689606,0.000965575087706803,1
1206.78125,559.6875,0.007542146654793221,0.004395074743391744,0.0027762744821072717,1
97.875,344.46875,0.00438614629308363,0.002926,0.001232,1
317.78125,31.03125,0.004709523558142178,0.0030187535507225495,0.0014328001430764866,1
85.0,919.921875,0.003793425372755526,0.002073288450746784,0.0015873956658627995,1
430.1875,956.09375,0.003332096100517789,0.0019180574808904973,0.0012570117342332171,1
889.171875,810.78125,0.00445493621111599,0.002900049396131038,0.001314085708772453,1
1166.8125,460.859375,0.0049808294621984045,0.002976724794131967,0.001743161639091453,1
366.171875,749.421875,0.006514530628258145,0.0040646227992275005,0.002091793966909743,1
907.046875,47.078125,0.0034016269355569995,0.0022170117275287474,0.001001,1
1068.34375,433.671875,0.002700628142833961,0.0016078072023722248,0.0009524373995176796,1
296.265625,543.234375,0.007764012076152709,0.004983333874024497,0.002355747015279867,1
334.203125,399.796875,0.007025304073571254,0.003927,0.0028105,1
736.515625,493.375,0.0031724374239268955,0.0019710345633702116,0.0010273081329377277,1
1300.8125,960.75,0.007593126073162739,0.0049401666216839285,0.0022422738458983994,1
260.453125,26.484375,0.003772597132058235,0.002481085296800576,0.0010903047739049849,1
819.140625,752.890625,0.003243067631495875,0.002139782757664899,0.0009311907699284824,1
1211.21875,46.203125,0.004402152087269626,0.0030202262332480988,0.0011690314367030512,1
654.171875,894.0625,0.003735752396991738,0.0024312986241924292,0.0011024722218722792,1
213.328125,470.5625,0.006923452307941375,0.004589419625617165,0.001969529956614014,1
717.4375,508.703125,0.0030626591333046322,0.001772673122716086,0.0011427433001334989,1
220.171875,168.234375,0.002349921387382332,0.001415627775935468,0.0008094161476027026,1
1214.546875,816.046875,0.006191528072011334,0.0038432565943480796,0.0020086524089548198,1
325.171875,292.140625,0.005988767995422733,0.0039826570590499,0.0016926869911475068,1
572.84375,129.59375,0.0035453695683730405,0.0018675476566877751,0.0015971700754772488,1
438.203125,395.96875,0.00638985369855227,0.003945827416398239,0.0020946264583452585,1
1371.796875,114.234375,0.004511312339425868,0.002994597218325029,0.001279799300671789,1
335.578125,352.5625,0.004892932228954792,0.0030734962583351226,0.0015500733047181994,1
126.96875,34.0,0.002745877387420421,0.001926539384492308,0.0006972646556365811,1
809.40625,873.453125,0.003215572546060732,0.0021972000933005624,0.0008608861713374191,1
1315.9375,652.015625,0.006845427043118834,0.00463361535412684,0.0018675476566877751,1
404.890625,435.75,0.00725657427218712,0.00474316249985176,0.0021230926145601845,1
1323.90625,514.875,0.0035335619464678513,0.002272804710044398,0.0010676376960373777,1
770.375,785.46875,0.0027643329580127455,0.0018659596056721057,0.0007583620507383,1
213.40625,298.671875,0.007374995621769423,0.004332746963532489,0.0026709678489266774,1
1064.015625,272.75,0.004379488702091064,0.002861718233858812,0.001282113587011697,1
772.890625,616.796875,0.00427822233126022,0.002903880205862494,0.0011607606342394629,1
67.03125,423.640625,0.004822588859105491,0.003506671641314596,0.0011401461529119852,1
680.078125,365.0,0.0027551205196353363,0.0017239232146473344,0.0008796217937272815,1
536.78125,1010.4375,0.005283623066468933,0.003196427576216924,0.0018045784133697267,1
1161.65625,988.34375,0.007819036556953228,0.0055466729667432175,0.0019422477313669336,1
145.28125,685.984375,0.0037833137126694265,0.002695,0.0009319863196420858,1
1246.5625,1109.359375,0.006550890241094844,0.004367332481046068,0.0018423768615568315,1
388.953125,180.609375,0.004660878524538956,0.0034786619554075674,0.0010458969834548715,1
507.09375,985.546875,0.0024335865613150298,0.0016013408444175775,0.0007025590722494443,1
1006.671875,1125.109375,0.0020369529252329383,0.0018241850920342488,0.00031747913317255985,1
236.96875,5.703125,0.004501355519633029,0.003137454740709418,0.001158203889649832,1
1328.328125,12.84375,0.004291940840199205,0.003199208691223503,0.000965575087706803,1
813.234375,466.546875,0.0015928758489881056,0.0009311907699284824,0.0005826107190912299,1
30.953125,145.578125,0.0013450503512262562,0.0009151345529483629,0.00036320827358417925,1
401.359375,386.46875,0.003495559438052178,0.002121695842952048,0.001186024978657701,1
515.734375,369.9375,0.0038535795077910364,0.0024558654788078274,0.001186024978657701,1
834.78125,1.859375,0.003212271192968429,0.0019890010683757814,0.0010473132291726292,1
89.3125,893.953125,0.001740354675928667,0.0010841698437053116,0.0005605684614745999,1
629.375,695.765625,0.0034543092696667113,0.0018802037788495161,0.0014574169787675729,2
759.484375,336.359375,0.003521820794359804,0.0021594347640065447,0.0011709317870824073,2
949.84375,525.609375,0.004678721910588219,0.0025898226290616893,0.0019087615094610432,2
889.078125,470.625,0.0038546625328135767,0.0021778888860545663,0.0015093767753612747,2
1108.578125,1124.375,0.0029658120195877238,0.0018876782035082145,0.0009151345529483629,2
807.46875,1008.375,0.0038240338480769686,0.002233331871890069,0.0014014211536864999,2
1216.875,1121.1875,0.003875623266199889,0.0025072339838954,0.001157563821134714,2
572.984375,115.265625,0.003634772822295603,0.0020097590029652806,0.0014861199480526463,2
992.109375,962.015625,0.0031425060804457913,0.0017170309403152875,0.0013157765767788997,2
921.578125,904.484375,0.0034594760255645353,0.0017959331836123527,0.0016045772807814524,2
119.09375,876.21875,0.003560408079700231,0.0024667055458647675,0.0009272027825670068,2
1048.25,426.859375,0.00368324574297992,0.0020878930168952625,0.0014328001430764866,2
975.78125,60.296875,0.0030555694863942905,0.0018045784133697267,0.0010950526243062478,2
836.125,711.78125,0.003854037793436567,0.00220930967725215,0.0014660363228788025,2
795.46875,209.0,0.0029203231634265542,0.001582719968914274,0.001242780954150811,2
96.703125,1066.96875,0.003052467419672397,0.0018675476566877751,0.001019341576705277,2
955.75,912.390625,0.003499863694252956,0.0023128856975648407,0.001001740111006842,2
455.21875,706.421875,0.0035527973716149865,0.002100985602044907,0.0012699165326902394,2
218.046875,614.8125,0.004900783555124741,0.003014331186183761,0.001619290045050608,2
70.875,162.171875,0.003388564016500794,0.002175846157245498,0.0010273081329377277,2
1430.421875,718.390625,0.004314872191752872,0.0027032374109574615,0.0013741857589132556,2
749.015625,658.84375,0.003381365068998339,0.0020255537514467493,0.0011778735076399334,2
940.9375,1111.171875,0.0037332092227521053,0.0024021655334302006,0.0011270706499594424,2
402.265625,861.53125,0.003973140072472835,0.002222353932207919,0.0015873956658627995,2
525.828125,970.890625,0.0035208974330095157,0.0021522154283435476,0.0011778735076399334,2
440.90625,556.9375,0.003315322849723504,0.001924229845938369,0.0012301939887676254,2
138.46875,652.234375,0.0039055732151685816,0.0023664193415369136,0.0013297835350161318,2
313.234375,1125.328125,0.0016301496111055709,0.0010807465012666014,0.0004636013912835034,2
1102.953125,526.5,0.002890092446732705,0.0018865,0.0008478745485034917,2
154.96875,695.4375,0.004152559863125331,0.0025491535850160145,0.0013774178741398707,2
265.1875,843.46875,0.00434025643530069,0.002721271945249133,0.001380105521327989,2
642.953125,960.234375,0.004300590155821767,0.002670135296197554,0.0013945293112731622,2
168.234375,840.28125,0.004228188395880664,0.0026352118036317308,0.0013606359726245664,2
497.171875,451.375,0.0031130991143891716,0.0019346010570657714,0.001007641429279285,2
271.640625,151.640625,0.0041862229447900325,0.0027604795326174763,0.0012033944698227595,2
250.234375,1122.296875,0.004515481117329542,0.003006946125224062,0.0012728311946208738,2
1434.5,989.078125,0.0034204230362946506,0.002121695842952048,0.0011111769661039596,2
1446.390625,947.015625,0.004242900685001642,0.0026003892977783153,0.0014119583032087032,2
287.9375,408.609375,0.00392694976161606,0.0024522414746513035,0.0012587792697689299,2
1178.359375,316.140625,0.0045509558368522565,0.0026318347687497405,0.0017009855966468382,2
720.796875,135.0625,0.0030516795861033562,0.002002,0.000886336561358043,2
747.0,1015.671875,0.004704675800319939,0.002681767514159272,0.0018099095281256465,2
527.890625,880.453125,0.003562545166993389,0.0022832155504901416,0.0010841698437053116,2
822.921875,565.71875,0.00219975146581492,0.001311262750176333,0.0007738404228263085,2
646.0,927.921875,0.0025641263810884727,0.001415627775935468,0.00105155052184857,2
1188.0,443.078125,0.003415058553375856,0.002073288450746784,0.001158203889649832,2
318.28125,657.125,0.004623695016376911,0.002565671890558105,0.0018770477484603314,2
749.71875,781.734375,0.0030237411628132468,0.0017814312363939283,0.0010889444430272832,2
229.421875,140.6875,0.0022346088955512112,0.0012156493120962146,0.0009438391017541072,2
1464.359375,139.625,0.0029015257110107185,0.0014980408872924665,0.0013606359726245664,2
604.5625,446.984375,0.002973155316273613,0.0018294590730595752,0.000981561256366611,2
1451.921875,163.265625,0.0028971399120319413,0.0015572286280440648,0.0012534691858996775,2
80.328125,110.0,0.004039654845023175,0.0025737473166571735,0.0012439730704480703,2
556.359375,699.421875,0.00444704185755059,0.0026742954679690877,0.001537109787881139,2
312.0,1118.625,0.0026382052716651307,0.001709677454960438,0.0007852490050932889,2
490.75,165.265625,0.0029231618167535624,0.0017835101625726724,0.000981561256366611,2
1319.28125,451.15625,0.004163231634228163,0.0026590096840741293,0.0012757391974851286,2
541.984375,562.515625,0.003699155637277844,0.002355747015279867,0.0011401461529119852,2
360.5,523.40625,0.006685128157357594,0.00412812648183168,0.002191458418496687,2
1063.453125,397.796875,0.0031899953540355623,0.0019346010570657714,0.0010841698437053116,2
1097.984375,961.375,0.004365877697506172,0.0027454036588450887,0.001380105521327989,2
1307.75,41.421875,0.003204525592889705,0.0020946264583452585,0.000937536265965216,2
835.578125,1124.578125,0.0027635198283686765,0.0018675476566877751,0.0007564049841189572,2
1048.734375,250.78125,0.004324056807123985,0.0024694081274669846,0.001657289730252378,2
858.625,903.890625,0.0024804745794423147,0.0014650249144639144,0.0008888415213073701,2
350.953125,597.71875,0.007008152341723268,0.004566106492406852,0.002063614365621639,2
782.65625,759.71875,0.002782757865644556,0.0016817053844237998,0.0009524373995176796,2
254.09375,344.53125,0.005986481264675456,0.0036379953614593848,0.002026285394508878,2
1422.546875,46.671875,0.0033606116331495227,0.0019979237347806846,0.001188521876113351,2
758.21875,570.1875,0.0038994745436850787,0.002381093498794199,0.0013073003671689228,2
808.4375,846.1875,0.003132202707860214,0.0019729137081991193,0.0009868324325841748,2
1331.234375,690.109375,0.0048157437887749515,0.00247749818365221,0.0022744345451122575,2
977.296875,671.46875,0.0038862883770302893,0.002398151371369205,0.0012757391974851286,2
386.984375,141.421875,0.004339576807976303,0.002670135296197554,0.0014328001430764866,2
481.09375,109.765625,0.004642281686398047,0.002994597218325029,0.0013945293112731622,2
922.390625,23.703125,0.003210522636128559,0.0018675476566877751,0.001186024978657701,2
1245.640625,203.546875,0.0031509349777338264,0.002110488391344525,0.0008779350773263362,2
187.234375,77.96875,0.0032634271712925914,0.0017959331836123527,0.0013469498877092644,2
676.78125,586.03125,0.004837927315225966,0.002704881882818546,0.0019346010570657714,2
1060.6875,622.09375,0.0034106983436891763,0.0021972000933005624,0.0010273081329377277,2
738.515625,218.34375,0.0037256189797689014,0.002359833309791181,0.0011607606342394629,2
731.609375,484.5625,0.0031935536074069147,0.0019604780666969985,0.0010592748698992156,2
851.328125,516.046875,0.0038072577177430023,0.00229713081908715,0.0013073003671689228,2
114.46875,795.703125,0.004090696975773257,0.0025898226290616893,0.0012757391974851286,2
891.5625,785.6875,0.004695271404025386,0.0029183914233700727,0.0015191653135850623,2
158.4375,199.671875,0.007985892416864678,0.005058173311581959,0.002488244009336705,2
1333.359375,1125.453125,0.002338803580363307,0.001399304202094741,0.0008167083322704624,2
595.15625,841.296875,0.0023714851289198804,0.0013881372410536358,0.0008651798945884029,2
349.203125,404.828125,0.0030324025059242136,0.0017239232146473344,0.0011728290583030419,2
804.828125,635.015625,0.004067015875838788,0.002697473864562917,0.0011556414885248798,2
841.71875,353.0,0.002907036152283075,0.0018544055651340135,0.0008930008398652265,2
1417.578125,293.890625,0.005090552543440967,0.0026411112244659443,0.0023639125406833476,2
361.453125,710.375,0.007042432326292345,0.004102915213601178,0.0025935401481372907,2
107.65625,897.171875,0.003875172333618513,0.002183666240523034,0.0015254941822242392,2
526.390625,997.015625,0.004935584847552981,0.0029099990120273235,0.0017747623080288809,2
1095.75,645.84375,0.0033197448909465977,0.0022715,0.000886336561358043,2
819.859375,396.015625,0.002660331474848803,0.00164607199113526,0.0008685995912962428,2
996.734375,313.65625,0.0035911479623699206,0.0024766005935556103,0.0009438391017541072,2
834.609375,443.796875,0.003929689340215402,0.002447401121598174,0.0012664100836616865,2
646.875,1063.625,0.004050834655999864,0.0027762744821072717,0.001078,2
1293.40625,918.046875,0.007779720917493732,0.004876751095760373,0.002474804436718182,2
563.640625,292.03125,0.003814550760499515,0.0023639125406833476,0.0012415876932379765,2
621.5625,90.375,0.0030328380368164253,0.0018423768615568315,0.0010273081329377277,2
257.546875,918.484375,0.0036418047225184,0.002359833309791181,0.0010841698437053116,2
1377.578125,78.84375,0.0041142039694915845,0.0026985726319667586,0.001195361451612022,2
344.703125,356.234375,0.006765409491724606,0.004075184535698967,0.002330760873620458,2
1208.375,519.703125,0.00810468220529048,0.005005,0.0026565,2
1208.953125,174.296875,0.004599308282665892,0.0030241498805449445,0.0013297835350161318,2
1226.140625,390.015625,0.002393251824968276,0.0014492578273033407,0.000815800373866058,2
1217.953125,774.140625,0.006804069170662952,0.0042735,0.002156,2
405.984375,383.8125,0.00807956093673976,0.004626412216826339,0.00308024061560132,2
280.984375,49.421875,0.004401232985534217,0.002906941218875951,0.0012611321302702582,2
700.6875,785.328125,0.004235798095314235,0.0028147160158708733,0.0011990756856846026,2
1014.15625,1110.25,0.0035686966349480647,0.0021727784631664594,0.0012033944698227595,2
1203.375,13.625,0.00398830981864843,0.0026276073717357395,0.001148565409543575,2
1001.921875,816.75,0.0049872010508835996,0.0035713808603955975,0.0012156493120962146,2
314.015625,324.421875,0.004842224138133537,0.0030385745424458487,0.001537109787881139,2
1243.234375,662.046875,0.0042252912150660404,0.0027604795326174763,0.001237402218359091,2
1349.0625,342.234375,0.003672377619792903,0.0024786944648342605,0.001007641429279285,2
428.0625,1015.921875,0.0029211719689065606,0.001925,0.0008408526922118999,2
292.09375,992.1875,0.004979690662385289,0.0032869621613276904,0.0014286560992765195,2
638.9375,868.875,0.00347138963643871,0.002412018086582271,0.0008987915498045139,2
471.5625,314.71875,0.007625046970017856,0.0052626838447697,0.0020008891148686875,2
1347.46875,288.078125,0.004813189972777742,0.0029171213978852507,0.001637947648736064,2
547.046875,61.828125,0.003476886257218989,0.0022909926342090233,0.001001,2
1018.046875,87.671875,0.005358457984581876,0.0034822819027183886,0.0015859944041515404,2
987.640625,1110.5,0.002655381413884768,0.0016447207209736247,0.0008651798945884029,2
1236.09375,1076.90625,0.008022347128772105,0.005066371803371718,0.002514318247557377,2
704.578125,343.328125,0.003401370474955917,0.0020946264583452585,0.0011211369229491997,2
160.21875,396.4375,0.0035674816824703315,0.0024603879775352507,0.000937536265965216,2
215.875,253.65625,0.007730445813108455,0.004595551979904047,0.0027343132593029645,2
97.8125,309.71875,0.00437241593781704,0.003006946125224062,0.0011556414885248798,2
1272.6875,692.953125,0.007612380972272771,0.005166034383354412,0.0020661268112098057,2
690.859375,314.90625,0.004544747731357127,0.002861718233858812,0.0014328001430764866,2
549.25,657.296875,0.004956820477951967,0.00337506907336724,0.0013364547317436532,2
721.046875,465.0,0.003082226297368824,0.0020097590029652806,0.0009061823767873661,2
628.125,60.875,0.004814417906997447,0.0033486148255659383,0.0012439730704480703,2
127.453125,280.34375,0.0069248469923228195,0.0044275,0.0021175,2
999.34375,121.0625,0.0028472259186560897,0.0018805979102402511,0.000815800373866058,2
65.875,397.359375,0.005390204614620104,0.003701009625764299,0.001429174761881835,2
396.75,470.75,0.00627040128617762,0.003673876494930117,0.0022832155504901416,2
417.296875,962.96875,0.0029028346849675844,0.0019180574808904973,0.0008311007760795318,2
448.921875,355.828125,0.006106389211642252,0.004055678519064351,0.0017303597891768058,2
1140.0625,577.65625,0.008039189227805391,0.005063445294461074,0.002533112759037781,2
1165.734375,427.921875,0.00391803250672518,0.0025072339838954,0.0011959812916596982,2
397.625,1089.03125,0.005258694600092156,0.003391498194013967,0.001580376932886582,2
1299.203125,482.75,0.0028042567812351354,0.0017325,0.0009183682540244954,2
476.71875,904.234375,0.004404934165482142,0.0029383849730761965,0.001237402218359091,2
642.625,6.640625,0.005256627239229863,0.0037505402944109268,0.0012907552052964964,2
655.0,81.65625,0.0033971843429545364,0.0021683396874106232,0.001042347950542428,2
1158.75,30.6875,0.0032645814150570073,0.002412018086582271,0.0007475347817994826,2
945.625,693.140625,0.00457096823164091,0.0026276073717357395,0.0017290743911121927,2
959.3125,1122.34375,0.0030177613950539443,0.002428248442808108,0.0005826107190912299,2
213.359375,424.078125,0.007600786828912605,0.00531606795479516,0.0019422477313669336,2
1321.421875,612.65625,0.005792514537123617,0.0036222751137924354,0.0018516058570873016,2
1165.53125,1121.1875,0.0030642074998702483,0.0023380628734061023,0.0006578882883894498,2
776.34375,591.046875,0.004139514547556243,0.0028147160158708733,0.0011191520227386447,2
448.4375,935.1875,0.0035750995638430152,0.00231,0.001070410785633254,2
1388.21875,1057.953125,0.00832922507170949,0.006110351483343655,0.0019346010570657714,2
300.296875,503.515625,0.0074126517794396345,0.004805256548822342,0.0022049444437445584,2
525.578125,342.90625,0.0030232742827141267,0.00201528285855857,0.0008504927983234191,2
1185.203125,950.0,0.007291613436789731,0.0046585,0.002233,2
748.09375,1119.25,0.002623514646324991,0.001803345918009077,0.0006940686205268179,2
1264.75,621.921875,0.004520368554792533,0.002479890168938939,0.0018774425423964379,2
970.046875,273.296875,0.004225171830610632,0.0029834394999731437,0.0010592748698992156,2
324.1875,253.390625,0.006629747625194663,0.0047040950511230105,0.00164607199113526,2
988.671875,841.65625,0.003851119977459338,0.002544788841927754,0.0011024722218722792,2
531.609375,6.515625,0.004268912154840688,0.002798608404189482,0.0012415876932379765,2
813.03125,195.59375,0.0021621111027642467,0.0014198098464231047,0.0006267345929498387,2
995.78125,1124.09375,0.0018823018229859928,0.0013230787013628477,0.0004762186997588398,2
916.0,543.609375,0.002206915361548697,0.0013913369469686343,0.0006940686205268179,2
807.28125,720.3125,0.00216472478200627,0.001429174761881835,0.0006207938466189883,2
120.140625,1.796875,0.003219765752157376,0.00204086317522758,0.001001740111006842,2
1366.3125,261.703125,0.004975247491921229,0.002652032475291357,0.0021887512421469918,3
893.109375,455.234375,0.0036012342762652056,0.00201528285855857,0.0014374479120997743,3
822.3125,1105.515625,0.003380068194983517,0.0019056527752977456,0.0013292260906256693,3
321.296875,608.125,0.004532092443519263,0.002609493533235904,0.0017088102586302553,3
1324.65625,674.25,0.003104087898774004,0.0017217723426748383,0.0012611321302702582,3
296.53125,379.109375,0.003914481416558483,0.002335842942066097,0.0013741857589132556,3
166.71875,661.234375,0.004092003982630597,0.0026239381185538656,0.0012439730704480703,3
156.15625,810.671875,0.004363536066384277,0.002618,0.001515257486369891,3
1167.734375,387.734375,0.0038868017727797933,0.002359833309791181,0.0013180276931840241,3
1049.984375,400.90625,0.0036352448717215037,0.002202926803141675,0.001237402218359091,3
347.671875,382.15625,0.004008509928502924,0.002335842942066097,0.0014756101280487338,3
375.859375,106.6875,0.003986656797477624,0.002272804710044398,0.0015332476968839706,3
571.5,95.328125,0.0034157232727078423,0.0019729137081991193,0.001279799300671789,3
143.140625,618.03125,0.003911170876348542,0.002002,0.0018659596056721057,3
294.5625,1083.796875,0.002723555051033331,0.0015859944041515404,0.0010039571704012079,3
365.859375,475.40625,0.005675941988396519,0.003303380768243346,0.0020946264583452585,3
1090.296875,1102.921875,0.004639638622256767,0.0027861341048126165,0.0016082680902138175,3
1061.921875,362.28125,0.0031262433997035002,0.0018675476566877751,0.0010950526243062478,3
752.953125,758.015625,0.002720328570515634,0.001709677454960438,0.0008608861713374191,3
80.9375,128.703125,0.003690834342582719,0.002280617295821463,0.0012083113216385915,3
208.78125,571.984375,0.004735190124814603,0.0029383849730761965,0.001537109787881139,3
568.125,262.21875,0.0035105404659575234,0.0021778888860545663,0.0011401461529119852,3
628.5,669.640625,0.0033577119325715527,0.002063614365621639,0.0011111769661039596,3
194.9375,48.53125,0.0010680877064813618,0.0019890010683757814,3.85e-05,3
1158.5,1116.078125,0.003162015426700346,0.002026285394508878,0.0009625,3
1460.6875,132.109375,0.002899650763502233,0.0017290743911121927,0.001019341576705277,3
974.046875,38.203125,0.0033490313858314034,0.0020112335145377825,0.0011607606342394629,3
397.15625,830.203125,0.004213143803808497,0.0024501249968113875,0.0015572286280440648,3
851.375,492.203125,0.0037549688716409036,0.0022977759899520233,0.0012534691858996775,3
1105.0,494.59375,0.002834770654267449,0.0017290743911121927,0.0009524373995176796,3
273.1875,801.234375,0.004094328248764572,0.002479890168938939,0.0013950606617634947,3
727.484375,190.421875,0.0035511172891626902,0.0021394363743752697,0.0012229432734186816,3
123.84375,845.375,0.003586106080997455,0.0023421800208352902,0.001050845492924626,3
449.953125,673.046875,0.004097799405864202,0.0024501249968113875,0.0014328001430764866,3
451.8125,321.703125,0.0063729463758033025,0.0041331502815648985,0.001893949576942322,3
1236.390625,1007.84375,0.00357656143562343,0.0023686106159518916,0.001019341576705277,3
755.1875,636.234375,0.003542895214118213,0.0021383968878578175,0.0012156493120962146,3
821.0,539.9375,0.0022487825167591775,0.001285000583657455,0.0008608861713374191,3
702.75,753.984375,0.003827011376143916,0.0024389073885656256,0.0011778735076399334,3
1440.03125,946.90625,0.0034786359536725696,0.002131454022492627,0.001158203889649832,3
770.390625,546.84375,0.004162058082186802,0.0026388653811818446,0.001294195696175814,3
1177.34375,283.78125,0.004369163953581485,0.002628171417544906,0.0015093767753612747,3
1437.25,915.6875,0.004278770474929451,0.0027768083297195724,0.0012699165326902394,3
554.46875,669.328125,0.0050326517903931745,0.003224130774332828,0.0015327642512793674,3
785.46875,184.890625,0.003843942011813642,0.0023421800208352902,0.001294195696175814,3
896.0625,759.78125,0.004588262914583744,0.0026318347687497405,0.001743161639091453,3
141.984375,368.5,0.0037881089149876057,0.0024603879775352507,0.0011224582397577204,3
718.921875,103.140625,0.0027543279398936187,0.0017814312363939283,0.00082303599556763,3
919.296875,876.390625,0.004213646889164091,0.002411710803558337,0.0016078072023722248,3
728.96875,997.625,0.004220250879837814,0.0026411112244659443,0.0013469498877092644,3
294.59375,950.375,0.004384642290965457,0.00257000116731491,0.0015953129003427509,3
845.375,326.390625,0.0027481546391574943,0.0017668102614599,0.0008311007760795318,3
1426.421875,249.1875,0.0042396872259600595,0.002748371517826511,0.0012611321302702582,3
716.734375,319.234375,0.003712932234469906,0.0022561131398934763,0.0012570117342332171,3
1412.09375,273.8125,0.003519580449738451,0.002412018086582271,0.0009367454296659258,3
553.359375,537.734375,0.0036172070326925994,0.00229713081908715,0.0011211369229491997,3
697.59375,286.53125,0.004409193464079229,0.0028147160158708733,0.001352440941409273,3
628.890625,26.234375,0.00322961585968188,0.001820931972919362,0.0012699165326902394,3
1066.125,596.265625,0.0033320350214336115,0.0020255537514467493,0.0011270706499594424,3
956.078125,646.25,0.0037772449967038175,0.002411710803558337,0.001158203889649832,3
967.25,248.359375,0.0037827345827598164,0.0024501249968113875,0.0011270706499594424,3
523.203125,852.875,0.0032417347313384312,0.0019437734564501082,0.0011270706499594424,3
443.828125,506.015625,0.0035457344865673915,0.002195850461666277,0.0011556414885248798,3
653.234375,40.109375,0.0029243635172389424,0.001683907435104436,0.0011024722218722792,3
483.984375,121.75,0.002886008997045311,0.001820931972919362,0.0009061823767873661,3
559.3125,628.609375,0.004335663751924597,0.00266652456392211,0.0014328001430764866,3
425.875,930.671875,0.0027447253861652373,0.0018045784133697267,0.0007936978329313997,3
113.90625,761.078125,0.0043962165058959255,0.0026595670700322637,0.0015015,3
817.6875,987.34375,0.004022135277817627,0.0025025,0.001298768840094341,3
854.390625,877.90625,0.0027805162761344662,0.0017290743911121927,0.0008987915498045139,3
812.796875,820.078125,0.0032106610680585797,0.0019048747990353591,0.0011401461529119852,3
246.15625,863.390625,0.0039153913539039225,0.002533405316959764,0.0011690314367030512,3
1424.578125,686.078125,0.004506693424077786,0.002857312198553039,0.0014014211536864999,3
986.765625,941.125,0.003179498490249974,0.0019494842907805132,0.0010571738267664407,3
1330.6875,407.890625,0.004035314268406205,0.0025520592665531886,0.0012611321302702582,3
1019.90625,62.671875,0.004796662008365257,0.0027454036588450887,0.0018302691058967259,3
313.9375,288.5,0.0038057791744622945,0.0025898226290616893,0.0010273081329377277,3
576.609375,814.25,0.002565471259228446,0.0015953129003427509,0.0008293153802987136,3
794.515625,734.109375,0.003039694417016017,0.001741034534407632,0.001158203889649832,3
1446.1875,109.265625,0.003174708577989451,0.0019676475802338183,0.0010330634056049028,3
712.84375,434.015625,0.002672976338431679,0.001709677454960438,0.0008167083322704624,3
247.140625,299.828125,0.005655492888036652,0.0033853739822950137,0.0019729137081991193,3
942.234375,671.859375,0.004447373417641367,0.0027762744821072717,0.0014265795631509658,3
531.625,945.203125,0.0031771437798316263,0.0020375922678494834,0.000965575087706803,3
641.34375,934.234375,0.004333093374563317,0.002823391666064062,0.0012757391974851286,3
670.53125,565.09375,0.004451339251381628,0.002722361107568208,0.0014876152896498476,3
211.34375,202.5625,0.007370370607499993,0.0046430425369578514,0.0023215212684789257,3
1004.265625,280.578125,0.0038423077254201477,0.0025898226290616893,0.0010571738267664407,3
827.9375,366.984375,0.002796630061434151,0.0017776830426147402,0.0008651798945884029,3
1283.109375,444.390625,0.003121082782778891,0.002026285394508878,0.0009256027765731907,3
754.40625,315.515625,0.0037576689740509155,0.0021673140635357856,0.0014119583032087032,3
824.53125,693.1875,0.003593341973677373,0.0023128856975648407,0.0010841698437053116,3
820.4375,427.828125,0.003272603805277308,0.001819710553906857,0.0013230787013628477,3
560.171875,29.828125,0.0032785835949694273,0.002167655992079924,0.000937536265965216,3
1214.703125,729.921875,0.0077018740858911605,0.004664223756425071,0.002625067665794541,3
347.859375,554.953125,0.006192913771649957,0.0038885,0.0019635,3
1101.96875,619.421875,0.0034728443257890994,0.002474804436718182,0.000854838727480219,3
1379.296875,43.90625,0.004686977355026436,0.003103252849833542,0.0013364547317436532,3
1026.4375,234.546875,0.004897658740645863,0.0027529519156716123,0.0019376633479528894,3
632.875,60.921875,0.0031017005046594516,0.0019149638377786667,0.0010171580506489638,3
713.046875,1125.46875,0.0020093802709521776,0.0014051181444988887,0.0005136540664688638,3
611.15625,415.046875,0.003407550608725518,0.0022977759899520233,0.0009367454296659258,3
1237.625,348.71875,0.0023463244814274737,0.001473599759093357,0.0007435585047593767,3
654.0625,899.859375,0.0030690623898592824,0.0018488019093456174,0.0010571738267664407,3
66.015625,375.375,0.004628511198224496,0.002699396414015548,0.0017009855966468382,3
147.765625,163.921875,0.008125799435376961,0.005275764446978277,0.002409558725161103,3
1103.515625,928.765625,0.005023239744362057,0.0031144572560881296,0.0016334166645409248,3
989.65625,94.15625,0.002473805944925969,0.0015953129003427509,0.0007435585047593767,3
1287.671875,865.625,0.00841574257249382,0.0048223459280727675,0.0032038385180904482,3
856.28125,424.296875,0.0031961264384315104,0.001753335820657298,0.0013275523530166334,3
634.75,844.625,0.0036430126489338196,0.002398151371369205,0.001050845492924626,3
85.71875,77.125,0.004144255346275094,0.002748371517826511,0.0011778735076399334,3
130.40625,869.859375,0.0038392990894951834,0.002447401121598174,0.0011810153470637034,3
648.921875,1033.984375,0.0039342280334276735,0.0026276073717357395,0.0011024722218722792,3
357.890625,665.25,0.006160435374564469,0.003543882651838235,0.0023269420383842825,3
437.765625,981.828125,0.002879966151921224,0.0019729137081991193,0.0007671070655390942,3
245.625,1092.640625,0.004302464995964491,0.002861718233858812,0.0012156493120962146,3
1016.25,792.640625,0.0015115657260464381,0.0033486148255659383,3.85e-05,3
745.28125,459.78125,0.0029522917914207953,0.0019517639457680327,0.0008443709196792604,3
256.671875,126.984375,0.0037573928056233376,0.0026205465555872117,0.000965575087706803,3
1142.46875,527.125,0.008024637878758477,0.004762186997588398,0.002848219487679979,3
1259.078125,162.046875,0.0029162420873460842,0.0019161245392719129,0.0008443709196792604,3
212.21875,378.203125,0.007816034522403679,0.005197642590636644,0.00220930967725215,3
518.703125,971.75,0.004971743724093385,0.002967498483571643,0.0017444366569182156,3
1246.34375,1040.671875,0.006938481750882601,0.004356628426891602,0.0021998968725828946,3
97.8125,1041.53125,0.003091192781531023,0.0021262319958085477,0.0008167083322704624,3
102.484375,274.59375,0.0047069932915462355,0.002942165868879591,0.0015059357556018117,3
461.0625,907.8125,0.0038397586483392946,0.0025872458329273622,0.0010571738267664407,3
1216.03125,480.828125,0.007769788607497499,0.0051625901687040775,0.0021998968725828946,3
1180.359375,411.53125,0.003708592785841628,0.0021345811064468834,0.001399304202094741,3
958.25,1092.328125,0.004845115161219031,0.003216536180427635,0.0013741857589132556,3
1290.890625,577.546875,0.008275344225763658,0.005398792828031096,0.002430383971721341,3
1347.90625,313.703125,0.0037966819224896967,0.0025514783949702573,0.001050845492924626,3
1080.921875,1125.125,0.0016309802518810483,0.0011224582397577204,0.00043044308566870957,3
385.5625,1053.390625,0.004440658415336102,0.002684253574087217,0.0015191653135850623,3
122.609375,246.0,0.007253990876959874,0.00470094301709774,0.0021590915334927328,3
797.328125,610.703125,0.0042025173512311624,0.00278160834770102,0.0011990756856846026,3
1206.265625,1091.84375,0.00733392477887652,0.004557495940755186,0.0023739238614580715,3
272.296875,331.984375,0.004615895453900196,0.002804164091133042,0.0015634034188270153,3
936.671875,506.296875,0.005135808103390246,0.0033812119498783273,0.0014811245727486934,3
413.546875,347.71875,0.007165566744016733,0.004115720228586972,0.0027150007826886534,3
355.140625,317.453125,0.006815668794273075,0.003923979230322199,0.0025702895264930756,3
1194.09375,914.71875,0.007261344000584392,0.004548869090224515,0.0023128856975648407,3
1358.796875,1097.65625,0.0033409081519309857,0.00229002194312631,0.0008888415213073701,3
997.71875,818.109375,0.003611442364869805,0.0024389073885656256,0.000989831930178048,3
491.234375,70.0625,0.004840593461347578,0.003391498194013967,0.0012326014157058233,3
398.5625,431.546875,0.006830119099013575,0.004155503880397659,0.0023064681333155247,3
936.3125,4.859375,0.0028032155765865554,0.0016913729630096373,0.0009625,3
318.390625,216.671875,0.006742031529819355,0.004900249993622775,0.0015953129003427509,3
1193.59375,144.203125,0.004481582891394667,0.0032204507836636784,0.0010848532158776135,3
469.578125,873.890625,0.004959749634668917,0.003314579460504756,0.0013881372410536358,3
1011.359375,1085.4375,0.0033703936061689962,0.0020963948220695454,0.0010889444430272832,3
524.65625,320.765625,0.003213771453045131,0.002139782757664899,0.0009061823767873661,3
302.390625,469.03125,0.007278588408196054,0.004285968297829558,0.0026239381185538656,3
503.90625,404.75,0.0031488724110215276,0.002192134690204961,0.0008121583897245661,3
1372.375,1023.53125,0.007760935950773321,0.005727190432489564,0.0017814312363939283,3
726.171875,1097.25,0.0029463209082238027,0.001922303110854269,0.0008651798945884029,3
959.1875,881.53125,0.003261479074870807,0.0020233572348945204,0.0010592748698992156,3
1439.875,8.40625,0.0032085915732676094,0.002067919546307351,0.000965575087706803,3
1290.0625,636.46875,0.009425557425371897,0.006561398574237051,0.0024312986241924292,3
777.65625,569.203125,0.0044805862777362706,0.0029282787179501883,0.001311262750176333,3
987.4375,644.1875,0.003475340154387399,0.0021998968725828946,0.0010841698437053116,3
473.984375,286.5625,0.0071381138402600765,0.004920926564174677,0.0018774425423964379,3
999.21875,1098.140625,0.0030796728887461486,0.0018583978314666643,0.0010571738267664407,3
939.4375,895.234375,0.00286192198510683,0.0017776830426147402,0.0009272027825670068,3
1193.78125,1122.296875,0.0019091517017070987,0.001036644225373392,0.0008094161476027026,3
1173.96875,2.78125,0.0033116345668434146,0.00204630306895142,0.0010841698437053116,3
1058.296875,58.703125,0.0020141247816322077,0.001361180553784104,0.0005512361109361396,3
482.65625,349.265625,0.002866691824515146,0.0016996779842075968,0.001019341576705277,3
670.75,34.640625,0.002266468245352172,0.0013671566296514822,0.0007786143140220324,3
279.765625,4.53125,0.0045397016491501175,0.00308024061560132,0.0012326014157058233,3
186.453125,1118.171875,0.000970442301779916,0.0004930405662823293,0.00046995239120574753,3
459.921875,1125.921875,0.0017181308204288642,0.0013364547317436532,0.0003549524616057762,3
292.0625,304.515625,0.0025184381657717375,0.0015409621994065916,0.0008408526922118999,3
770.265625,164.1875,0.0031728465026523048,0.0016586307605974272,0.0014513019155227489,4
1176.171875,351.25,0.004622989727016138,0.002722905525353386,0.0016657646892643632,4
1426.015625,654.40625,0.00394189970224363,0.002234990492149799,0.0015327642512793674,4
137.046875,793.609375,0.004300460700302546,0.002412018086582271,0.0017088102586302553,4
442.40625,455.171875,0.003211801953790252,0.0018294590730595752,0.001237402218359091,4
1006.71875,208.65625,0.004313016599601262,0.0023639125406833476,0.0017946947512042265,4
292.171875,1040.0625,0.0032807103995673406,0.0020008891148686875,0.0011024722218722792,4
893.59375,438.65625,0.003549437751788251,0.0021590915334927328,0.0011990756856846026,4
1446.765625,902.96875,0.003725642140503996,0.002381093498794199,0.0011401461529119852,4
1152.4375,1101.59375,0.003791201988692418,0.002276714354063768,0.001314085708772453,4
305.3125,348.4375,0.003787257395391102,0.0022066244016596933,0.0013945293112731622,4
713.0625,972.828125,0.004254553487395344,0.002394749517172934,0.0016786176604575564,4
849.6875,471.78125,0.003517166038492122,0.002164576690718072,0.0011607606342394629,4
63.75,354.1875,0.004682439153450266,0.0023835822305932723,0.002258739582156385,4
92.25,104.046875,0.003907069989001659,0.0023064681333155247,0.0014014211536864999,4
297.1875,905.09375,0.0040396424685809704,0.002398151371369205,0.0014328001430764866,4
1008.84375,246.703125,0.003990408735398413,0.0024501249968113875,0.0013230787013628477,4
193.546875,535.640625,0.004018422933057035,0.0024242774696803995,0.001380105521327989,4
1025.765625,40.734375,0.0048719761461861934,0.0027378345914243984,0.001928461887100702,4
983.28125,20.5,0.0032893600506570015,0.0018294590730595752,0.0013292260906256693,4
877.703125,407.890625,0.0031053477273428583,0.0017256419819881527,0.0012570117342332171,4
819.046875,401.734375,0.0039964963355409175,0.002359833309791181,0.0014328001430764866,4
1430.515625,76.171875,0.002842845479359084,0.0016559476139057058,0.0010473132291726292,4
128.125,342.71875,0.003922529196759579,0.0024498224935696872,0.0012570117342332171,4
260.90625,97.953125,0.003269581143634444,0.0019729137081991193,0.0011224582397577204,4
374.765625,1020.234375,0.003980292231468624,0.002147734154871128,0.0017088102586302553,4
721.15625,156.609375,0.003529657418623499,0.0020491984408543746,0.001309,4
1315.5,646.140625,0.0031554725882175258,0.0017776830426147402,0.001242780954150811,4
896.578125,735.40625,0.004331678982584949,0.0026239381185538656,0.0014756101280487338,4
632.515625,644.1875,0.0032531610590173965,0.0019048747990353591,0.001186024978657701,4
812.78125,1084.125,0.003467284643604412,0.002063614365621639,0.0012235491408194442,4
759.296875,614.0625,0.003394089889676158,0.00201528285855857,0.0012033944698227595,4
820.625,668.921875,0.003531913824610929,0.0022426043453984477,0.0010950526243062478,4
924.84375,854.484375,0.004127290528233326,0.002381093498794199,0.0015500733047181994,4
1106.734375,901.59375,0.004676815123246755,0.0026985726319667586,0.0017558701546526725,4
1047.890625,373.640625,0.003666361954567928,0.0023897927211371283,0.0010786872809113862,4
158.5625,583.015625,0.003983208588341424,0.0022561131398934763,0.0015519846165474708,4
1101.84375,462.5,0.0026528645837552408,0.001683907435104436,0.00082303599556763,4
619.4375,385.09375,0.003487483859428163,0.0021143476535328814,0.001186024978657701,4
795.859375,711.015625,0.0031624484757952634,0.0018496034710175043,0.0011556414885248798,4
708.6875,1072.1875,0.0030278829263150854,0.0018802037788495161,0.000981561256366611,4
1428.25,212.90625,0.0046540750537022195,0.0025820845261145114,0.001890032407129571,4
1069.796875,571.015625,0.0034460843758230015,0.002083984764819551,0.0011778735076399334,4
1035.140625,767.5,0.004615239591173565,0.003124435709052116,0.0012587792697689299,4
659.046875,1009.390625,0.0033139832640541474,0.0018512055531463814,0.0013275523530166334,4
759.125,729.21875,0.0026385804924804724,0.0016622015521590636,0.0008311007760795318,4
707.421875,725.84375,0.003697866834371703,0.0021383968878578175,0.0013822518764682505,4
1281.4375,806.34375,0.008190218383073941,0.004681353036249242,0.0031336729647491934,4
286.078125,755.25,0.004028238635826492,0.0026003892977783153,0.0012083113216385915,4
572.25,236.28125,0.0038278921369759127,0.002505163966689606,0.001117163595898112,4
1340.40625,364.9375,0.003995710925635484,0.0026239381185538656,0.001158203889649832,4
565.59375,604.1875,0.003995585230325729,0.0021345811064468834,0.0017499509993139809,4
630.578125,812.296875,0.0037526433993218546,0.0025131389237366087,0.0010458969834548715,4
955.734375,229.203125,0.0036824095977610557,0.0021683396874106232,0.0013275523530166334,4
560.234375,787.84375,0.0023250045863312803,0.0014876152896498476,0.0007099049232115524,4
1465.328125,93.828125,0.0027584248401599613,0.001766390741030987,0.0008408526922118999,4
731.296875,1105.296875,0.004192258066250343,0.002710629677768618,0.0012534691858996775,4
388.84375,798.578125,0.0036294295244449293,0.0023128856975648407,0.001117163595898112,4
445.96875,946.265625,0.0028245326636253975,0.0018302691058967259,0.0008408526922118999,4
659.40625,873.8125,0.002919610398158174,0.0017913880791163037,0.0009694052300250912,4
469.546875,294.578125,0.005787799771618321,0.0039021986430729026,0.001591592048861768,4
847.671875,848.546875,0.0024730287604775923,0.0015098677094368235,0.0008293153802987136,4
1382.65625,234.34375,0.005052831343445881,0.0030002840282213282,0.0017913880791163037,4
636.9375,906.609375,0.004107493737040343,0.0026919733003876543,0.001195361451612022,4
1276.203125,401.609375,0.002735193429454076,0.001734210266951502,0.0008504927983234191,4
979.28125,921.484375,0.0027069494278817944,0.0016586307605974272,0.0009012618931254112,4
828.609375,960.5625,0.003737506387699211,0.0024652028314116467,0.001073867077435564,4
444.375,640.40625,0.004162836151353175,0.002597537680188682,0.0013364547317436532,4
820.359375,511.5,0.0021454052900496713,0.001285000583657455,0.0007475347817994826,4
935.296875,647.0625,0.0055856082387388825,0.0031906258006855017,0.002139782757664899,4
476.0,883.109375,0.0031439524959397174,0.0018339098260274412,0.001155,4
1053.0,328.65625,0.0030739725873360647,0.0019422477313669336,0.0009625,4
848.96875,298.703125,0.0032736676195506426,0.002234990492149799,0.0008779350773263362,4
572.609375,75.5,0.0034719703020553443,0.002272804710044398,0.0010127768757233746,4
802.421875,587.1875,0.004044062258494327,0.0025456623892417475,0.0012757391974851286,4
247.546875,811.484375,0.0038275443538602597,0.002374860259046835,0.001242780954150811,4
364.765625,70.203125,0.004214451309507925,0.0025898226290616893,0.0013950606617634947,4
1001.59375,787.78125,0.0041423360938432794,0.002717183698243459,0.0012033944698227595,4
734.0625,296.25,0.00387448265432632,0.0022951942183614877,0.001380105521327989,4
202.90625,155.109375,0.007169593802656786,0.004933411091729535,0.0018927752772054057,4
828.25,795.59375,0.003229381013989087,0.001975541508042795,0.0010786872809113862,4
1366.84375,1057.390625,0.002940263617330613,0.0018802037788495161,0.0008987915498045139,4
337.75,365.65625,0.004428834620940124,0.002471508092238421,0.0017776830426147402,4
673.515625,540.25,0.004409895094315557,0.0029383849730761965,0.0012415876932379765,4
1084.59375,1055.6875,0.004679023332879737,0.002935356750039082,0.0014861199480526463,4
1110.171875,593.375,0.0036618874703792568,0.0025898226290616893,0.0009151345529483629,4
432.625,894.703125,0.0031540440440642466,0.002197537371695872,0.0008121583897245661,4
205.09375,14.703125,0.003430757364341217,0.00229002194312631,0.0009625,4
349.078125,618.421875,0.005401323377152013,0.0029282787179501883,0.00229713081908715,4
1203.390625,680.328125,0.007693349093343536,0.004719666619582362,0.0025552516999309484,4
1311.390625,580.34375,0.008014752576003602,0.0047795854422742565,0.0028170847520087145,4
511.234375,944.8125,0.00482639655659391,0.002976724794131967,0.0015859944041515404,4
537.078125,913.421875,0.0028660192493610145,0.0017776830426147402,0.0009311907699284824,4
1175.09375,250.921875,0.004728197947029938,0.0030052203330205255,0.001463,4
565.421875,643.6875,0.005389757746947849,0.003787312140555621,0.0013644434762935399,4
1066.421875,901.625,0.0028954169983811083,0.001772673122716086,0.000965575087706803,4
135.59375,835.0625,0.0037936163571598105,0.0023128856975648407,0.0012757391974851286,4
345.3125,513.546875,0.006913321687583454,0.004627853741206609,0.001928461887100702,4
361.59375,279.484375,0.007154292944706763,0.004013059462554723,0.0028422284390949293,4
1350.75,994.359375,0.006865602222521996,0.004528130326083824,0.0019729137081991193,4
245.953125,266.3125,0.006014783025847524,0.003907512923842991,0.0017814312363939283,4
716.15625,406.0,0.002825965607260579,0.0018423768615568315,0.0008311007760795318,4
1250.65625,988.03125,0.006867612414425483,0.00395502013269212,0.002588391392351628,4
1207.796875,1056.375,0.006930754569912442,0.004262908044985254,0.00229002194312631,4
652.421875,29.84375,0.0031361832812233552,0.0016957490970069835,0.001340883757079636,4
964.921875,1066.328125,0.005145476816781824,0.0036091568267394535,0.0013073003671689228,4
319.359375,557.03125,0.004646232219276363,0.0030534165290703463,0.0013447471881361194,4
555.0,508.0,0.003679216994160979,0.0026318347687497405,0.0008987915498045139,4
1248.265625,302.0,0.0023253447168753933,0.0015443251762501317,0.0006590138465920121,4
498.1875,38.171875,0.0045116860116524065,0.0030052203330205255,0.0012710831994798767,4
460.578125,844.078125,0.005392642626071862,0.0035589080137030794,0.001547680845652617,4
754.1875,431.375,0.0030110292031883287,0.002026285394508878,0.0008311007760795318,4
636.28125,5.21875,0.002655308948858251,0.0015500733047181994,0.0009739815193318609,4
175.4375,630.046875,0.004092818340064442,0.002899538239099461,0.001019341576705277,4
94.3125,47.671875,0.003802590693143693,0.0026461574027256953,0.000981561256366611,4
106.390625,811.515625,0.0026931423780972787,0.001619290045050608,0.0009311907699284824,4
322.421875,176.84375,0.007299590312555762,0.004928,0.002002,4
411.28125,298.46875,0.005481066681442529,0.0031715214802993216,0.00204630306895142,4
717.359375,68.765625,0.003031345270731729,0.0021683396874106232,0.0007405622863743467,4
1206.109375,455.15625,0.008600788250702814,0.006110351483343655,0.0021300627338179503,4
840.21875,336.5,0.0027733259008551384,0.001875072531930432,0.0007583620507383,4
105.84375,725.453125,0.004159803095580846,0.002831255551870936,0.0011224582397577204,4
1183.828125,114.765625,0.003835456460881738,0.0024522414746513035,0.0011728290583030419,4
303.265625,431.25,0.007579705213059379,0.004444707864415838,0.002755373749602765,4
1198.0,879.390625,0.006876554206746146,0.004213595910858087,0.00228937458708705,4
700.203125,255.25,0.0047671246318856135,0.003314579460504756,0.0012326014157058233,4
1179.09375,383.234375,0.0035298893577542325,0.002335842942066097,0.001007641429279285,4
521.09375,824.40625,0.0035071138405643374,0.0022744345451122575,0.001042347950542428,4
85.28125,244.1875,0.0032209111687435594,0.0020419523133511225,0.001001740111006842,4
1276.453125,121.8125,0.003219684444671141,0.00222168685912304,0.0008452481884038558,4
475.046875,78.609375,0.0026836284072949833,0.0018025237862508224,0.0007435585047593767,4
290.0,281.640625,0.00482814023471138,0.0027861341048126165,0.0018123647535747322,4
1315.734375,531.015625,0.006951856605277255,0.00447014678170639,0.002101690985849252,4
1244.171875,534.921875,0.00550383188762672,0.002861718233858812,0.002544788841927754,4
123.234375,211.40625,0.007670615246215827,0.004856496885616216,0.0023919625833193963,4
241.625,1062.046875,0.003862790791637044,0.0027359390526837395,0.0009625,4
706.0,175.90625,0.002604251561186737,0.001683907435104436,0.0007786143140220324,4
222.3125,330.140625,0.006669478120522979,0.004254032234245529,0.0020491984408543746,4
398.3125,392.921875,0.006537958525708617,0.0038885,0.0023103208110563348,4
932.625,482.75,0.0048699389431413375,0.003314579460504756,0.001314085708772453,4
1233.46875,615.078125,0.0039028908836309787,0.0026952749859708194,0.0010229704296801545,4
1340.125,278.640625,0.0034467007066275547,0.0022977759899520233,0.0009694052300250912,4
1010.125,1063.34375,0.003794232634538467,0.002430688894120348,0.0011556414885248798,4
970.71875,620.4375,0.0013774712890218452,0.0029130535954561497,3.85e-05,4
1061.234375,32.296875,0.0025519301221545174,0.0016334166645409248,0.0007786143140220324,4
102.59375,1015.046875,0.00297513216118961,0.002164576690718072,0.0007025590722494443,4
250.9375,114.71875,0.0022017837836614093,0.0012493235169482723,0.000854838727480219,4
668.203125,15.21875,0.0030338374374500486,0.0017088102586302553,0.001195361451612022,4
1242.328125,869.828125,0.002762979422143177,0.0016229473959435653,0.001001,4
1135.234375,493.453125,0.005731342059971418,0.0035589080137030794,0.001857998990850103,4
530.078125,374.5,0.00324416037606698,0.0020804254372603697,0.0009860811325646587,4
492.25,268.609375,0.006760646447082262,0.004487521420561689,0.0019180574808904973,4
441.390625,1108.796875,0.004038277282690461,0.0023535437641990006,0.0014861199480526463,4
1422.59375,885.453125,0.004525923285204948,0.0029446837690998333,0.0013364547317436532,4
533.390625,297.5625,0.002863851700316106,0.001857998990850103,0.0008504927983234191,4
756.984375,290.8125,0.0023915541142820757,0.0014756101280487338,0.0007852490050932889,4
976.53125,66.21875,0.0027411097861459034,0.001817265253065716,0.0007795655841556886,4
170.375,118.4375,0.005424620598971564,0.0038241180028864173,0.0013644434762935399,4
308.71875,254.484375,0.0026164997725053583,0.0016087288460147659,0.0008651798945884029,4
208.859375,1107.578125,0.0009673051879384635,0.0005019785852006039,0.0004489832959030882,4
776.109375,532.96875,0.0054924629286505254,0.0033103284202628596,0.001890032407129571,4
435.859375,375.734375,0.0024930101934841384,0.0015704980101865777,0.0007852490050932889,4
1395.78125,7.421875,0.004960088458096174,0.0034884484373428823,0.0012534691858996775,4
576.015625,2.546875,0.0031732722744363434,0.001999036267805064,0.000999518133902532,4
784.578125,149.484375,0.002374698867846521,0.0014876152896498476,0.0007564049841189572,4
509.3125,918.171875,0.0013314677583866341,0.0007936978329313997,0.0004683727148329629,4
374.40625,427.703125,0.00539815899677225,0.003188069674583666,0.0019346010570657714,4
109.0,138.203125,0.004397606625855486,0.0030131015996809666,0.0011709317870824073,4
719.203125,306.140625,0.0018388260214653447,0.001086900754438969,0.0006578882883894498,4
829.9375,654.734375,0.0019210657928224672,0.001237402218359091,0.000578781910567357,4
422.515625,260.875,0.0023185139000850025,0.0017044676588307563,0.0005362429486715886,4
